run_id,arm,excerpt_file
1771601706_6,Control,analysis\report_20260221T104347Z\excerpts\Control_run_1771601706_6_excerpt.txt
1771601706_10,Control,analysis\report_20260221T104347Z\excerpts\Control_run_1771601706_10_excerpt.txt
1771601706_19,Control,analysis\report_20260221T104347Z\excerpts\Control_run_1771601706_19_excerpt.txt
1771601706_0,Control,analysis\report_20260221T104347Z\excerpts\Control_run_1771601706_0_excerpt.txt
1771601706_5,Control,analysis\report_20260221T104347Z\excerpts\Control_run_1771601706_5_excerpt.txt
1771601706_11,Control,analysis\report_20260221T104347Z\excerpts\Control_run_1771601706_11_excerpt.txt
1771601706_9,Control,analysis\report_20260221T104347Z\excerpts\Control_run_1771601706_9_excerpt.txt
1771601706_18,Control,analysis\report_20260221T104347Z\excerpts\Control_run_1771601706_18_excerpt.txt
1771601706_14,Control,analysis\report_20260221T104347Z\excerpts\Control_run_1771601706_14_excerpt.txt
1771601706_3,Control,analysis\report_20260221T104347Z\excerpts\Control_run_1771601706_3_excerpt.txt
1771601706_7,Treatment,analysis\report_20260221T104347Z\excerpts\Treatment_run_1771601706_7_excerpt.txt
1771601706_12,Treatment,analysis\report_20260221T104347Z\excerpts\Treatment_run_1771601706_12_excerpt.txt
1771601706_17,Treatment,analysis\report_20260221T104347Z\excerpts\Treatment_run_1771601706_17_excerpt.txt
1771601706_1,Treatment,analysis\report_20260221T104347Z\excerpts\Treatment_run_1771601706_1_excerpt.txt
1771601706_4,Treatment,analysis\report_20260221T104347Z\excerpts\Treatment_run_1771601706_4_excerpt.txt
1771601706_13,Treatment,analysis\report_20260221T104347Z\excerpts\Treatment_run_1771601706_13_excerpt.txt
1771601706_8,Treatment,analysis\report_20260221T104347Z\excerpts\Treatment_run_1771601706_8_excerpt.txt
1771601706_16,Treatment,analysis\report_20260221T104347Z\excerpts\Treatment_run_1771601706_16_excerpt.txt
1771601706_15,Treatment,analysis\report_20260221T104347Z\excerpts\Treatment_run_1771601706_15_excerpt.txt
1771601706_2,Treatment,analysis\report_20260221T104347Z\excerpts\Treatment_run_1771601706_2_excerpt.txt
1771601706_0,Unknown,analysis\report_20260221T104347Z\excerpts\Unknown_run_1771601706_0_excerpt.txt
1771601706_7,Unknown,analysis\report_20260221T104347Z\excerpts\Unknown_run_1771601706_7_excerpt.txt
1771601706_5,Unknown,analysis\report_20260221T104347Z\excerpts\Unknown_run_1771601706_5_excerpt.txt
1771601706_1,Unknown,analysis\report_20260221T104347Z\excerpts\Unknown_run_1771601706_1_excerpt.txt
1771601706_16,Unknown,analysis\report_20260221T104347Z\excerpts\Unknown_run_1771601706_16_excerpt.txt
1771601706_13,Unknown,analysis\report_20260221T104347Z\excerpts\Unknown_run_1771601706_13_excerpt.txt
1771601706_19,Unknown,analysis\report_20260221T104347Z\excerpts\Unknown_run_1771601706_19_excerpt.txt
1771601706_11,Unknown,analysis\report_20260221T104347Z\excerpts\Unknown_run_1771601706_11_excerpt.txt
1771601706_8,Unknown,analysis\report_20260221T104347Z\excerpts\Unknown_run_1771601706_8_excerpt.txt
1771601706_6,Unknown,analysis\report_20260221T104347Z\excerpts\Unknown_run_1771601706_6_excerpt.txt
